{"cameraMode":{"drawMode":0,"name":"Shaded","section":"Shading Mode"},"sceneLighting":false,"audioPlay":false,"sceneViewState":{"m_AlwaysRefresh":false,"showFog":true,"showSkybox":false,"showFlares":true,"showImageEffects":true,"showParticleSystems":true,"showVisualEffectGraphs":true,"m_FxEnabled":true},"in2DMode":false,"pivot":{"x":-0.0000034570693969726564,"y":0.09401369839906693,"z":-1.1920928955078126e-7},"rotation":{"x":-0.05463895574212074,"y":-0.9264978766441345,"z":0.3417677879333496,"w":-0.14805075526237489},"size":2.8301289081573488,"orthographic":true}