{"cameraMode":{"drawMode":0,"name":"Shaded","section":"Shading Mode"},"sceneLighting":false,"audioPlay":false,"sceneViewState":{"m_AlwaysRefresh":false,"showFog":true,"showSkybox":false,"showFlares":true,"showImageEffects":true,"showParticleSystems":true,"showVisualEffectGraphs":true,"m_FxEnabled":true},"in2DMode":false,"pivot":{"x":-13.066808700561524,"y":2.02567458152771,"z":1.5787949562072755},"rotation":{"x":0.17247502505779267,"y":-0.18183687329292298,"z":0.032419949769973758,"w":0.9675970077514648},"size":3.7965126037597658,"orthographic":true}