{"cameraMode":{"drawMode":0,"name":"Shaded","section":"Shading Mode"},"sceneLighting":false,"audioPlay":false,"sceneViewState":{"m_AlwaysRefresh":false,"showFog":true,"showSkybox":false,"showFlares":true,"showImageEffects":true,"showParticleSystems":true,"showVisualEffectGraphs":true,"m_FxEnabled":true},"in2DMode":false,"pivot":{"x":-0.2301841527223587,"y":0.10499954968690872,"z":-0.07232135534286499},"rotation":{"x":0.23874008655548097,"y":0.05911856144666672,"z":-0.014576670713722706,"w":0.9692678451538086},"size":0.2636967599391937,"orthographic":true}