{"cameraMode":{"drawMode":0,"name":"Shaded","section":"Shading Mode"},"sceneLighting":true,"audioPlay":false,"sceneViewState":{"m_AlwaysRefresh":false,"showFog":true,"showSkybox":true,"showFlares":true,"showImageEffects":true,"showParticleSystems":true,"showVisualEffectGraphs":true,"m_FxEnabled":true},"in2DMode":false,"pivot":{"x":-0.3133268356323242,"y":1.2262678146362305,"z":-0.3046534061431885},"rotation":{"x":0.05481666326522827,"y":-0.8786295056343079,"z":0.10407155752182007,"w":0.46279382705688479},"size":8.662405014038086,"orthographic":true}