{"cameraMode":{"drawMode":0,"name":"Shaded","section":"Shading Mode"},"sceneLighting":true,"audioPlay":false,"sceneViewState":{"m_AlwaysRefresh":false,"showFog":true,"showSkybox":true,"showFlares":true,"showImageEffects":true,"showParticleSystems":true,"showVisualEffectGraphs":true,"m_FxEnabled":true},"in2DMode":false,"pivot":{"x":-0.30704784393310549,"y":1.2146990299224854,"z":-0.302509069442749},"rotation":{"x":0.10560149699449539,"y":-0.7964072823524475,"z":0.14566102623939515,"w":0.5773807764053345},"size":4.030346393585205,"orthographic":true}