{"cameraMode":{"drawMode":0,"name":"Shaded","section":"Shading Mode"},"sceneLighting":false,"audioPlay":false,"sceneViewState":{"m_AlwaysRefresh":false,"showFog":true,"showSkybox":false,"showFlares":true,"showImageEffects":true,"showParticleSystems":true,"showVisualEffectGraphs":true,"m_FxEnabled":true},"in2DMode":false,"pivot":{"x":-0.01778554916381836,"y":0.3740132451057434,"z":-0.15684747695922852},"rotation":{"x":0.020570311695337297,"y":-0.8868694305419922,"z":0.4600280523300171,"w":0.03969161957502365},"size":2.1667420864105226,"orthographic":true}