{"cameraMode":{"drawMode":0,"name":"Shaded","section":"Shading Mode"},"sceneLighting":false,"audioPlay":false,"sceneViewState":{"m_AlwaysRefresh":false,"showFog":true,"showSkybox":false,"showFlares":true,"showImageEffects":true,"showParticleSystems":true,"showVisualEffectGraphs":true,"m_FxEnabled":true},"in2DMode":false,"pivot":{"x":0.028148174285888673,"y":0.3547782301902771,"z":-0.030446060001850129},"rotation":{"x":-0.01352520752698183,"y":-0.9565446376800537,"z":0.28805163502693179,"w":-0.04476853087544441},"size":0.8374687433242798,"orthographic":true}