{"cameraMode":{"drawMode":0,"name":"Shaded","section":"Shading Mode"},"sceneLighting":false,"audioPlay":false,"sceneViewState":{"m_AlwaysRefresh":false,"showFog":true,"showSkybox":false,"showFlares":true,"showImageEffects":true,"showParticleSystems":true,"showVisualEffectGraphs":true,"m_FxEnabled":true},"in2DMode":false,"pivot":{"x":-5.999976634979248,"y":2.0811564922332765,"z":0.29903125762939455},"rotation":{"x":0.08086981624364853,"y":-0.9179682731628418,"z":0.24902445077896119,"w":0.2981424033641815},"size":2.8680217266082765,"orthographic":true}