{"cameraMode":{"drawMode":0,"name":"Shaded","section":"Shading Mode"},"sceneLighting":false,"audioPlay":false,"sceneViewState":{"m_AlwaysRefresh":false,"showFog":true,"showSkybox":false,"showFlares":true,"showImageEffects":true,"showParticleSystems":true,"showVisualEffectGraphs":true,"m_FxEnabled":true},"in2DMode":false,"pivot":{"x":-0.12951171398162843,"y":1.679629921913147,"z":-0.0735824704170227},"rotation":{"x":0.25752362608909609,"y":0.7425912022590637,"z":-0.4360750913619995,"w":0.43844765424728396},"size":2.050344228744507,"orthographic":true}