{"cameraMode":{"drawMode":0,"name":"Shaded","section":"Shading Mode"},"sceneLighting":false,"audioPlay":false,"sceneViewState":{"m_AlwaysRefresh":false,"showFog":true,"showSkybox":false,"showFlares":true,"showImageEffects":true,"showParticleSystems":true,"showVisualEffectGraphs":true,"m_FxEnabled":true},"in2DMode":false,"pivot":{"x":0.0000016689300537109376,"y":1.9999990463256837,"z":-0.7917578220367432},"rotation":{"x":0.07678862661123276,"y":-0.9013640284538269,"z":0.17887376248836518,"w":0.38698631525039675},"size":2.9371554851531984,"orthographic":true}