{"cameraMode":{"drawMode":0,"name":"Shaded","section":"Shading Mode"},"sceneLighting":false,"audioPlay":false,"sceneViewState":{"m_AlwaysRefresh":false,"showFog":true,"showSkybox":false,"showFlares":true,"showImageEffects":true,"showParticleSystems":true,"showVisualEffectGraphs":true,"m_FxEnabled":true},"in2DMode":false,"pivot":{"x":-0.050000257790088657,"y":0.12250009924173355,"z":-0.0856119766831398},"rotation":{"x":0.0823318138718605,"y":0.19253699481487275,"z":-0.016209745779633523,"w":0.9777908325195313},"size":0.15759345889091493,"orthographic":true}