{"cameraMode":{"drawMode":0,"name":"Shaded","section":"Shading Mode"},"sceneLighting":false,"audioPlay":false,"sceneViewState":{"m_AlwaysRefresh":false,"showFog":true,"showSkybox":false,"showFlares":true,"showImageEffects":true,"showParticleSystems":true,"showVisualEffectGraphs":true,"m_FxEnabled":true},"in2DMode":false,"pivot":{"x":7.152557373046875e-7,"y":1.997990369796753,"z":0.0000045299530029296878},"rotation":{"x":0.017546551302075387,"y":-0.5984976291656494,"z":0.013102834112942219,"w":0.8008926510810852},"size":3.46527099609375,"orthographic":true}