{"cameraMode":{"drawMode":0,"name":"Shaded","section":"Shading Mode"},"sceneLighting":false,"audioPlay":false,"sceneViewState":{"m_AlwaysRefresh":false,"showFog":true,"showSkybox":false,"showFlares":true,"showImageEffects":true,"showParticleSystems":true,"showVisualEffectGraphs":true,"m_FxEnabled":true},"in2DMode":false,"pivot":{"x":0.0061647891998291019,"y":0.8716793656349182,"z":0.0005820393562316895},"rotation":{"x":0.020570311695337297,"y":-0.8868694305419922,"z":0.4600280523300171,"w":0.03969161957502365},"size":1.2700536251068116,"orthographic":true}