{"cameraMode":{"drawMode":0,"name":"Shaded","section":"Shading Mode"},"sceneLighting":false,"audioPlay":false,"sceneViewState":{"m_AlwaysRefresh":false,"showFog":true,"showSkybox":false,"showFlares":true,"showImageEffects":true,"showParticleSystems":true,"showVisualEffectGraphs":true,"m_FxEnabled":true},"in2DMode":false,"pivot":{"x":0.5126989483833313,"y":2.3454501628875734,"z":1.647118330001831},"rotation":{"x":0.08086981624364853,"y":-0.9179682731628418,"z":0.24902445077896119,"w":0.2981424033641815},"size":0.7927156686782837,"orthographic":true}