{"cameraMode":{"drawMode":0,"name":"Shaded","section":"Shading Mode"},"sceneLighting":false,"audioPlay":false,"sceneViewState":{"m_AlwaysRefresh":false,"showFog":true,"showSkybox":false,"showFlares":true,"showImageEffects":true,"showParticleSystems":true,"showVisualEffectGraphs":true,"m_FxEnabled":true},"in2DMode":false,"pivot":{"x":-0.12971341609954835,"y":1.6795225143432618,"z":-0.07455337047576904},"rotation":{"x":0.25752362608909609,"y":0.7425912022590637,"z":-0.4360750913619995,"w":0.43844765424728396},"size":2.049565553665161,"orthographic":true}