{"cameraMode":{"drawMode":0,"name":"Shaded","section":"Shading Mode"},"sceneLighting":false,"audioPlay":false,"sceneViewState":{"m_AlwaysRefresh":false,"showFog":true,"showSkybox":false,"showFlares":true,"showImageEffects":true,"showParticleSystems":true,"showVisualEffectGraphs":true,"m_FxEnabled":true},"in2DMode":false,"pivot":{"x":0.0061647891998291019,"y":0.8716793656349182,"z":0.0005820393562316895},"rotation":{"x":0.5504886507987976,"y":0.03584358096122742,"z":-0.023597247898578645,"w":0.8338341116905212},"size":1.2700536251068116,"orthographic":true}