{"cameraMode":{"drawMode":0,"name":"Shaded","section":"Shading Mode"},"sceneLighting":false,"audioPlay":false,"sceneViewState":{"m_AlwaysRefresh":false,"showFog":true,"showSkybox":false,"showFlares":true,"showImageEffects":true,"showParticleSystems":true,"showVisualEffectGraphs":true,"m_FxEnabled":true},"in2DMode":false,"pivot":{"x":4.76837158203125e-7,"y":2.000000238418579,"z":0.04501514136791229},"rotation":{"x":0.21182644367218018,"y":-0.3828794062137604,"z":0.09065887331962586,"w":0.8946040272712708},"size":2.8361973762512209,"orthographic":true}