{"cameraMode":{"drawMode":0,"name":"Shaded","section":"Shading Mode"},"sceneLighting":false,"audioPlay":false,"sceneViewState":{"m_AlwaysRefresh":false,"showFog":true,"showSkybox":false,"showFlares":true,"showImageEffects":true,"showParticleSystems":true,"showVisualEffectGraphs":true,"m_FxEnabled":true},"in2DMode":false,"pivot":{"x":0.5149990320205689,"y":1.963007926940918,"z":1.6000829935073853},"rotation":{"x":0.08086981624364853,"y":-0.9179682731628418,"z":0.24902445077896119,"w":0.2981424033641815},"size":0.2929205894470215,"orthographic":true}