{"cameraMode":{"drawMode":0,"name":"Shaded","section":"Shading Mode"},"sceneLighting":false,"audioPlay":false,"sceneViewState":{"m_AlwaysRefresh":false,"showFog":true,"showSkybox":false,"showFlares":true,"showImageEffects":true,"showParticleSystems":true,"showVisualEffectGraphs":true,"m_FxEnabled":true},"in2DMode":false,"pivot":{"x":0.16200071573257447,"y":1.9308146238327027,"z":1.9684419631958008},"rotation":{"x":0.17247502505779267,"y":-0.18183687329292298,"z":0.032419949769973758,"w":0.9675970077514648},"size":0.08656392991542816,"orthographic":true}