{"cameraMode":{"drawMode":0,"name":"Shaded","section":"Shading Mode"},"sceneLighting":false,"audioPlay":false,"sceneViewState":{"m_AlwaysRefresh":false,"showFog":true,"showSkybox":false,"showFlares":true,"showImageEffects":true,"showParticleSystems":true,"showVisualEffectGraphs":true,"m_FxEnabled":true},"in2DMode":false,"pivot":{"x":-0.08536596596240998,"y":0.12250083684921265,"z":0.28200292587280276},"rotation":{"x":0.23874008655548097,"y":0.05911856144666672,"z":-0.014576670713722706,"w":0.9692678451538086},"size":0.31814998388290408,"orthographic":true}