{"cameraMode":{"drawMode":0,"name":"Shaded","section":"Shading Mode"},"sceneLighting":false,"audioPlay":false,"sceneViewState":{"m_AlwaysRefresh":false,"showFog":true,"showSkybox":false,"showFlares":true,"showImageEffects":true,"showParticleSystems":true,"showVisualEffectGraphs":true,"m_FxEnabled":true},"in2DMode":false,"pivot":{"x":-0.2301841527223587,"y":0.10499954968690872,"z":-0.07232135534286499},"rotation":{"x":0.0823318138718605,"y":0.19253699481487275,"z":-0.016209745779633523,"w":0.9777908325195313},"size":0.2636967599391937,"orthographic":true}