{"cameraMode":{"drawMode":0,"name":"Shaded","section":"Shading Mode"},"sceneLighting":false,"audioPlay":false,"sceneViewState":{"m_AlwaysRefresh":false,"showFog":true,"showSkybox":false,"showFlares":true,"showImageEffects":true,"showParticleSystems":true,"showVisualEffectGraphs":true,"m_FxEnabled":true},"in2DMode":false,"pivot":{"x":0.16200000047683717,"y":1.9433283805847169,"z":1.9692869186401368},"rotation":{"x":0.17247502505779267,"y":-0.18183687329292298,"z":0.032419949769973758,"w":0.9675970077514648},"size":0.06870229542255402,"orthographic":true}