{"cameraMode":{"drawMode":0,"name":"Shaded","section":"Shading Mode"},"sceneLighting":false,"audioPlay":false,"sceneViewState":{"m_AlwaysRefresh":false,"showFog":true,"showSkybox":false,"showFlares":true,"showImageEffects":true,"showParticleSystems":true,"showVisualEffectGraphs":true,"m_FxEnabled":true},"in2DMode":false,"pivot":{"x":-0.3518652617931366,"y":0.1224999725818634,"z":-0.08462751656770706},"rotation":{"x":0.23874008655548097,"y":0.05911856144666672,"z":-0.014576670713722706,"w":0.9692678451538086},"size":0.3827715218067169,"orthographic":true}