{"cameraMode":{"drawMode":0,"name":"Shaded","section":"Shading Mode"},"sceneLighting":false,"audioPlay":false,"sceneViewState":{"m_AlwaysRefresh":false,"showFog":true,"showSkybox":false,"showFlares":true,"showImageEffects":true,"showParticleSystems":true,"showVisualEffectGraphs":true,"m_FxEnabled":true},"in2DMode":false,"pivot":{"x":0.0018548965454101563,"y":2.0145344734191896,"z":-0.6552805304527283},"rotation":{"x":0.21182644367218018,"y":-0.3828794062137604,"z":0.09065887331962586,"w":0.8946040272712708},"size":1.9163997173309327,"orthographic":true}